-- DATA MIGRATION SCRIPT (COMPLETE 29+ TABLES)
SET session_replication_role = 'replica';

-- Table: profiles
INSERT INTO public.profiles (id, full_name, avatar_url, department, student_id, created_at, updated_at, bio, class_year, interests, privacy_settings, social_links, show_friends, theme_preference, nickname, is_archived, is_banned, university, notification_settings) VALUES ('45850ca9-6657-4469-b467-218facacfef2', 'Umut Cingöz', NULL, 'Bilgisayar Mühendisliği', NULL, '2026-01-19T01:34:57.745566+00:00', '2026-01-20T11:04:48.69597+00:00', NULL, '3. Sınıf', NULL, '{"show_email":false,"show_interests":true,"show_activities":true}', '{"github":"","twitter":"","website":"","linkedin":"","instagram":""}', true, '{"theme":"system","colorTheme":"default"}', NULL, false, false, 'metu', '{"likes":true,"follows":true,"comments":true,"mentions":true,"friend_requests":true,"email_subscription":true}') ON CONFLICT DO NOTHING;
INSERT INTO public.profiles (id, full_name, avatar_url, department, student_id, created_at, updated_at, bio, class_year, interests, privacy_settings, social_links, show_friends, theme_preference, nickname, is_archived, is_banned, university, notification_settings) VALUES ('6ce8b075-7afe-4366-8e35-ff0895a73a2a', 'Ömer İshak Siddikoğlu', NULL, NULL, NULL, '2026-01-09T12:37:01.84767+00:00', '2026-01-20T11:04:48.69597+00:00', NULL, NULL, NULL, '{"show_email":false,"show_interests":true,"show_activities":true}', '{"github":"","twitter":"","website":"","linkedin":"","instagram":""}', true, '{"theme":"system","colorTheme":"default"}', NULL, false, false, 'metu', '{"likes":true,"follows":true,"comments":true,"mentions":true,"friend_requests":true,"email_subscription":true}') ON CONFLICT DO NOTHING;
INSERT INTO public.profiles (id, full_name, avatar_url, department, student_id, created_at, updated_at, bio, class_year, interests, privacy_settings, social_links, show_friends, theme_preference, nickname, is_archived, is_banned, university, notification_settings) VALUES ('5724f9af-e272-4141-a398-18d6f80581c0', 'Bilkent Öğrencisi', 'https://oqgdnywowtfjenjmrmwi.supabase.co/storage/v1/object/public/avatars/5724f9af-e272-4141-a398-18d6f80581c0/1768828054400.jpg', 'Bilgisayar Mühendisliği', NULL, '2026-01-18T19:04:01.047249+00:00', '2026-01-20T18:10:47.592742+00:00', '', 'Hazırlık', '[]', '{"show_email":false,"show_interests":true,"show_activities":true}', '{"github":"","twitter":"","website":"","linkedin":"","instagram":""}', true, '{"theme":"system","colorTheme":"default"}', '', false, false, 'bilkent', '{"likes":true,"follows":true,"comments":true,"mentions":true,"friend_requests":true,"email_subscription":true}') ON CONFLICT DO NOTHING;
INSERT INTO public.profiles (id, full_name, avatar_url, department, student_id, created_at, updated_at, bio, class_year, interests, privacy_settings, social_links, show_friends, theme_preference, nickname, is_archived, is_banned, university, notification_settings) VALUES ('406b3a31-1a25-4858-9f16-5ff70ad41cab', 'Arsivlenmis Kullanici', NULL, 'Bilgisayar Mühendisliği', 'ARCHIVED_3vrcs', '2025-12-29T19:31:11.641646+00:00', '2026-01-20T11:04:48.69597+00:00', 'I am the developer of this website. If you find some bugs or features which you want to be added , please contact me!', 'Hazırlık', '["Teknoloji","Oyun","Girişimcilik"]', '{"show_email":false,"show_interests":true,"show_activities":true}', '{"github":"Keremdogan1","twitter":"","website":"","linkedin":"Kerem Doğan","instagram":"kerem.dogan111"}', true, '{"theme":"system","colorTheme":"default"}', NULL, true, false, 'metu', '{"likes":true,"follows":true,"comments":true,"mentions":true,"friend_requests":true,"email_subscription":true}') ON CONFLICT DO NOTHING;
INSERT INTO public.profiles (id, full_name, avatar_url, department, student_id, created_at, updated_at, bio, class_year, interests, privacy_settings, social_links, show_friends, theme_preference, nickname, is_archived, is_banned, university, notification_settings) VALUES ('336b3982-f21d-4ade-bb08-39366ee6c48f', 'Ahmet Mete Çakıroğlu', NULL, 'Bilgisayar Mühendisliği', '2772887', '2026-01-05T17:34:26.418172+00:00', '2026-01-19T16:05:31.0869+00:00', NULL, NULL, NULL, '{"show_email":false,"show_interests":true,"show_activities":true}', '{"github":"","twitter":"","website":"","linkedin":"","instagram":""}', true, '{"theme":"system","colorTheme":"default"}', NULL, false, false, 'metu', '{"likes":true,"follows":true,"comments":true,"mentions":true,"friend_requests":true,"email_subscription":true}') ON CONFLICT DO NOTHING;
INSERT INTO public.profiles (id, full_name, avatar_url, department, student_id, created_at, updated_at, bio, class_year, interests, privacy_settings, social_links, show_friends, theme_preference, nickname, is_archived, is_banned, university, notification_settings) VALUES ('61ca2d19-0edf-4f1a-9ff9-fec81e62485d', 'Can Yıldız', 'https://ui-avatars.com/api/?name=Can+Yildiz&background=C8102E&color=fff', NULL, NULL, '2026-01-03T13:36:48.792799+00:00', '2026-01-19T16:05:31.0869+00:00', NULL, NULL, NULL, '{"show_email":false,"show_interests":true,"show_activities":true}', '{"github":"","twitter":"","website":"","linkedin":"","instagram":""}', true, '{"theme":"system","colorTheme":"default"}', NULL, false, false, 'metu', '{"likes":true,"follows":true,"comments":true,"mentions":true,"friend_requests":true,"email_subscription":true}') ON CONFLICT DO NOTHING;
INSERT INTO public.profiles (id, full_name, avatar_url, department, student_id, created_at, updated_at, bio, class_year, interests, privacy_settings, social_links, show_friends, theme_preference, nickname, is_archived, is_banned, university, notification_settings) VALUES ('5f94c5f7-0c15-4e5f-a5ef-7f5192682c4e', 'Mert Furkan Arslan', '', 'Bilgisayar Mühendisliği', NULL, '2026-01-09T08:28:43.815652+00:00', '2026-01-20T11:04:48.69597+00:00', '', '1. Sınıf', '[]', '{"show_email":false,"show_interests":true,"show_activities":true}', '{"github":"","twitter":"","website":"","linkedin":"","instagram":""}', true, '{"theme":"system","colorTheme":"default"}', NULL, false, false, 'metu', '{"likes":true,"follows":true,"comments":true,"mentions":true,"friend_requests":true,"email_subscription":true}') ON CONFLICT DO NOTHING;
INSERT INTO public.profiles (id, full_name, avatar_url, department, student_id, created_at, updated_at, bio, class_year, interests, privacy_settings, social_links, show_friends, theme_preference, nickname, is_archived, is_banned, university, notification_settings) VALUES ('8df6e191-f19b-4d9e-8bf7-063316bba478', 'Berkay Eldemir', NULL, NULL, NULL, '2026-01-10T09:35:27.085489+00:00', '2026-01-20T11:04:48.69597+00:00', NULL, 'Hazırlık', NULL, '{"show_email":false,"show_interests":true,"show_activities":true}', '{"github":"","twitter":"","website":"","linkedin":"","instagram":""}', true, '{"theme":"system","colorTheme":"default"}', NULL, false, false, 'metu', '{"likes":true,"follows":true,"comments":true,"mentions":true,"friend_requests":true,"email_subscription":true}') ON CONFLICT DO NOTHING;
INSERT INTO public.profiles (id, full_name, avatar_url, department, student_id, created_at, updated_at, bio, class_year, interests, privacy_settings, social_links, show_friends, theme_preference, nickname, is_archived, is_banned, university, notification_settings) VALUES ('d93aeaab-106b-4862-afe7-ec5b0887713c', 'Samet İhsan Arslan', NULL, NULL, NULL, '2026-01-10T11:52:55.812919+00:00', '2026-01-20T11:04:48.69597+00:00', NULL, NULL, NULL, '{"show_email":false,"show_interests":true,"show_activities":true}', '{"github":"","twitter":"","website":"","linkedin":"","instagram":""}', true, '{"theme":"system","colorTheme":"default"}', NULL, false, false, 'metu', '{"likes":true,"follows":true,"comments":true,"mentions":true,"friend_requests":true,"email_subscription":true}') ON CONFLICT DO NOTHING;
INSERT INTO public.profiles (id, full_name, avatar_url, department, student_id, created_at, updated_at, bio, class_year, interests, privacy_settings, social_links, show_friends, theme_preference, nickname, is_archived, is_banned, university, notification_settings) VALUES ('581211f4-bd66-4665-a087-d1a5bdd04d74', 'Salih Kızıler', 'https://oqgdnywowtfjenjmrmwi.supabase.co/storage/v1/object/public/avatars/581211f4-bd66-4665-a087-d1a5bdd04d74/0.9823794958680304.png', '', NULL, '2026-01-07T21:01:39.722214+00:00', '2026-01-20T17:27:01.957132+00:00', '', 'Hazırlık', '[]', '{"show_email":false,"show_friends":true,"show_interests":true,"show_activities":true}', '{"github":"","twitter":"","website":"","linkedin":"","instagram":""}', true, '{"theme":"light","colorTheme":"default"}', '', false, false, 'metu', '{"likes":true,"follows":true,"comments":true,"mentions":true,"friend_requests":true,"email_subscription":true}') ON CONFLICT DO NOTHING;
INSERT INTO public.profiles (id, full_name, avatar_url, department, student_id, created_at, updated_at, bio, class_year, interests, privacy_settings, social_links, show_friends, theme_preference, nickname, is_archived, is_banned, university, notification_settings) VALUES ('39edf57c-fa51-4945-864c-ec7bcbf3ffab', 'Ali Yılmaz', 'https://ui-avatars.com/api/?name=Ali+Yilmaz&background=C8102E&color=fff', NULL, NULL, '2026-01-03T13:36:48.792799+00:00', '2026-01-19T16:05:31.0869+00:00', NULL, NULL, NULL, '{"show_email":false,"show_interests":true,"show_activities":true}', '{"github":"","twitter":"","website":"","linkedin":"","instagram":""}', true, '{"theme":"system","colorTheme":"default"}', NULL, false, false, 'metu', '{"likes":true,"follows":true,"comments":true,"mentions":true,"friend_requests":true,"email_subscription":true}') ON CONFLICT DO NOTHING;
INSERT INTO public.profiles (id, full_name, avatar_url, department, student_id, created_at, updated_at, bio, class_year, interests, privacy_settings, social_links, show_friends, theme_preference, nickname, is_archived, is_banned, university, notification_settings) VALUES ('51c9cc40-03ce-4c7c-babb-76c2338b3e1b', 'Ayşe Demir', 'https://ui-avatars.com/api/?name=Ayse+Demir&background=C8102E&color=fff', NULL, NULL, '2026-01-03T13:36:48.792799+00:00', '2026-01-19T16:05:31.0869+00:00', NULL, NULL, NULL, '{"show_email":false,"show_interests":true,"show_activities":true}', '{"github":"","twitter":"","website":"","linkedin":"","instagram":""}', true, '{"theme":"system","colorTheme":"default"}', NULL, false, false, 'metu', '{"likes":true,"follows":true,"comments":true,"mentions":true,"friend_requests":true,"email_subscription":true}') ON CONFLICT DO NOTHING;
INSERT INTO public.profiles (id, full_name, avatar_url, department, student_id, created_at, updated_at, bio, class_year, interests, privacy_settings, social_links, show_friends, theme_preference, nickname, is_archived, is_banned, university, notification_settings) VALUES ('caf604ae-2214-4013-88dd-246b8b23e2cf', 'Mehmet Kaya', 'https://ui-avatars.com/api/?name=Mehmet+Kaya&background=C8102E&color=fff', NULL, NULL, '2026-01-03T13:36:48.792799+00:00', '2026-01-19T16:05:31.0869+00:00', NULL, NULL, NULL, '{"show_email":false,"show_interests":true,"show_activities":true}', '{"github":"","twitter":"","website":"","linkedin":"","instagram":""}', true, '{"theme":"system","colorTheme":"default"}', NULL, false, false, 'metu', '{"likes":true,"follows":true,"comments":true,"mentions":true,"friend_requests":true,"email_subscription":true}') ON CONFLICT DO NOTHING;
INSERT INTO public.profiles (id, full_name, avatar_url, department, student_id, created_at, updated_at, bio, class_year, interests, privacy_settings, social_links, show_friends, theme_preference, nickname, is_archived, is_banned, university, notification_settings) VALUES ('8054596a-b54e-4433-87d8-e3750f53b06c', 'Arda Özçelebi̇', NULL, NULL, NULL, '2026-01-09T12:36:28.056345+00:00', '2026-01-20T11:04:48.69597+00:00', NULL, NULL, NULL, '{"show_email":false,"show_interests":true,"show_activities":true}', '{"github":"","twitter":"","website":"","linkedin":"","instagram":""}', true, '{"theme":"system","colorTheme":"default"}', NULL, false, false, 'metu', '{"likes":true,"follows":true,"comments":true,"mentions":true,"friend_requests":true,"email_subscription":true}') ON CONFLICT DO NOTHING;
INSERT INTO public.profiles (id, full_name, avatar_url, department, student_id, created_at, updated_at, bio, class_year, interests, privacy_settings, social_links, show_friends, theme_preference, nickname, is_archived, is_banned, university, notification_settings) VALUES ('56a12855-e16c-4261-8c54-0e0a23ef844c', 'Zeynep Şahin', 'https://ui-avatars.com/api/?name=Zeynep+Sahin&background=C8102E&color=fff', NULL, NULL, '2026-01-03T13:36:48.792799+00:00', '2026-01-19T16:05:31.0869+00:00', NULL, NULL, NULL, '{"show_email":false,"show_interests":true,"show_activities":true}', '{"github":"","twitter":"","website":"","linkedin":"","instagram":""}', true, '{"theme":"system","colorTheme":"default"}', NULL, false, false, 'metu', '{"likes":true,"follows":true,"comments":true,"mentions":true,"friend_requests":true,"email_subscription":true}') ON CONFLICT DO NOTHING;
INSERT INTO public.profiles (id, full_name, avatar_url, department, student_id, created_at, updated_at, bio, class_year, interests, privacy_settings, social_links, show_friends, theme_preference, nickname, is_archived, is_banned, university, notification_settings) VALUES ('23ea9f0b-3ab0-41d4-b4f2-c25294f6de51', 'Barış Özçelik', 'https://oqgdnywowtfjenjmrmwi.supabase.co/storage/v1/object/public/avatars/23ea9f0b-3ab0-41d4-b4f2-c25294f6de51/1768236595069.jpg', '', '2767259', '2026-01-06T07:33:42.189303+00:00', '2026-01-20T11:04:48.69597+00:00', 'Sir yazarim, odtude yasarim', 'Hazırlık', '[]', '{"show_email":false,"show_interests":true,"show_activities":true}', '{"github":"","twitter":"","website":"","linkedin":"","instagram":""}', true, '{"theme":"light","colorTheme":"purple"}', 'Savaş', false, false, 'metu', '{"likes":true,"follows":true,"comments":true,"mentions":true,"friend_requests":true,"email_subscription":true}') ON CONFLICT DO NOTHING;
INSERT INTO public.profiles (id, full_name, avatar_url, department, student_id, created_at, updated_at, bio, class_year, interests, privacy_settings, social_links, show_friends, theme_preference, nickname, is_archived, is_banned, university, notification_settings) VALUES ('17fb88a4-2c06-49c9-9030-1cb889f203df', 'Yasi̇n Erdoğan', NULL, NULL, NULL, '2026-01-08T06:47:07.840064+00:00', '2026-01-20T11:04:48.69597+00:00', NULL, NULL, NULL, '{"show_email":false,"show_interests":true,"show_activities":true}', '{"github":"","twitter":"","website":"","linkedin":"","instagram":""}', true, '{"theme":"system","colorTheme":"default"}', NULL, false, false, 'metu', '{"likes":true,"follows":true,"comments":true,"mentions":true,"friend_requests":true,"email_subscription":true}') ON CONFLICT DO NOTHING;
INSERT INTO public.profiles (id, full_name, avatar_url, department, student_id, created_at, updated_at, bio, class_year, interests, privacy_settings, social_links, show_friends, theme_preference, nickname, is_archived, is_banned, university, notification_settings) VALUES ('1dd6b3ed-b23e-4169-824e-ce3d00ab7688', 'Berke Şen', NULL, NULL, NULL, '2026-01-08T12:30:02.868439+00:00', '2026-01-20T11:04:48.69597+00:00', NULL, 'Hazırlık', NULL, '{"show_email":false,"show_interests":true,"show_activities":true}', '{"github":"","twitter":"","website":"","linkedin":"","instagram":""}', true, '{"theme":"light","colorTheme":"blue"}', NULL, false, false, 'metu', '{"likes":true,"follows":true,"comments":true,"mentions":true,"friend_requests":true,"email_subscription":true}') ON CONFLICT DO NOTHING;
INSERT INTO public.profiles (id, full_name, avatar_url, department, student_id, created_at, updated_at, bio, class_year, interests, privacy_settings, social_links, show_friends, theme_preference, nickname, is_archived, is_banned, university, notification_settings) VALUES ('d05ffe3c-1a45-4a33-a68b-4bc186413ee4', 'Test User', NULL, 'None', '0', '2026-01-05T17:39:39.400318+00:00', '2026-01-19T16:05:31.0869+00:00', NULL, NULL, NULL, '{"show_email":false,"show_interests":true,"show_activities":true}', '{"github":"","twitter":"","website":"","linkedin":"","instagram":""}', true, '{"theme":"system","colorTheme":"default"}', NULL, true, true, 'metu', '{"likes":true,"follows":true,"comments":true,"mentions":true,"friend_requests":true,"email_subscription":true}') ON CONFLICT DO NOTHING;
INSERT INTO public.profiles (id, full_name, avatar_url, department, student_id, created_at, updated_at, bio, class_year, interests, privacy_settings, social_links, show_friends, theme_preference, nickname, is_archived, is_banned, university, notification_settings) VALUES ('4ce5455a-258c-42e4-b4ef-c15ebfcbc8df', 'Kerem Doğan', 'https://oqgdnywowtfjenjmrmwi.supabase.co/storage/v1/object/public/avatars/4ce5455a-258c-42e4-b4ef-c15ebfcbc8df/0.16559219403922065.jpg', 'Bilgisayar Mühendisliği', NULL, '2026-01-07T20:19:19.843161+00:00', '2026-01-20T14:16:28.023862+00:00', 'I am one of the developers of this website. If you find some bugs or features which you want to be added please contact me!', 'Hazırlık', '["Teknoloji","Girişimcilik","Oyun"]', '{"show_email":true,"show_polls":true,"show_friends":true,"show_interests":true,"show_activities":true}', '{"github":"Keremdogan1","twitter":"","website":"","linkedin":"kerem-doğan-53a6b1309/","instagram":"kerem.dogan111"}', true, '{"theme":"system","colorTheme":"default"}', 'Kedy', false, false, 'metu', '{"likes":true,"follows":true,"comments":true,"mentions":true,"friend_requests":true,"email_subscription":true}') ON CONFLICT DO NOTHING;

-- Table: admin_identities
INSERT INTO public.admin_identities (id, admin_name, password_hash, is_super_admin, created_at, last_login_at) VALUES ('700018bb-dcc2-4944-9702-35d455d0586d', 'Salih KIZILER', 'c3155cb4e549c1d64fe624d0c004708e16fe54391d989ae272c7a537528609f1', false, '2026-01-12T21:57:39.402318+00:00', '2026-01-15T22:38:43.134+00:00') ON CONFLICT DO NOTHING;
INSERT INTO public.admin_identities (id, admin_name, password_hash, is_super_admin, created_at, last_login_at) VALUES ('f9222d9d-e7a0-4769-abaa-df445ea58ca0', 'Kerem Doğan', '5f0a32d0433616d4124ec1a365e7fe42b93fe71da5657ab088b1ee9795c5072e', false, '2026-01-16T11:30:06.211489+00:00', NULL) ON CONFLICT DO NOTHING;

-- Table: badges
INSERT INTO public.badges (id, name, description, icon, color, created_at) VALUES ('a405d47d-3213-4763-9b1a-730b8b03c5d4', 'Campus Explorer', 'İlk etkinliğine katılan öğrenci', 'Compass', '#C8102E', '2026-01-04T18:06:03.207918+00:00') ON CONFLICT DO NOTHING;
INSERT INTO public.badges (id, name, description, icon, color, created_at) VALUES ('1ceeb785-5001-4fe6-98ba-3b29aef8f315', 'Community Leader', 'Bir topluluk yöneten lider', 'Crown', '#F59E0B', '2026-01-04T18:06:03.207918+00:00') ON CONFLICT DO NOTHING;
INSERT INTO public.badges (id, name, description, icon, color, created_at) VALUES ('e8bcc790-868d-439d-bf51-9656249db099', 'Bookworm', 'Kitap kulübü aktif üyesi', 'BookOpen', '#3B82F6', '2026-01-04T18:06:03.207918+00:00') ON CONFLICT DO NOTHING;
INSERT INTO public.badges (id, name, description, icon, color, created_at) VALUES ('3a9a49e2-3b88-41b1-ae98-e831b0049a6c', 'Event Star', '5+ etkinliğe katılım sağlayan', 'Star', '#8B5CF6', '2026-01-04T18:06:03.207918+00:00') ON CONFLICT DO NOTHING;
INSERT INTO public.badges (id, name, description, icon, color, created_at) VALUES ('f29fe6f4-1990-4413-a592-67ae08fbf2db', 'Early Bird', 'Sabah derslerine geç kalmayan', 'Sunrise', '#10B981', '2026-01-04T18:06:03.207918+00:00') ON CONFLICT DO NOTHING;

-- Table: system_settings
INSERT INTO public.system_settings (key, value, description, updated_at) VALUES ('daily_post_limit', 10, 'Maximum number of posts a user can share per day', '2026-01-12T21:40:55.383827+00:00') ON CONFLICT DO NOTHING;
INSERT INTO public.system_settings (key, value, description, updated_at) VALUES ('daily_comment_limit', 50, 'Maximum number of comments a user can make per day', '2026-01-12T21:40:55.383827+00:00') ON CONFLICT DO NOTHING;
INSERT INTO public.system_settings (key, value, description, updated_at) VALUES ('maintenance_mode', 'false', NULL, '2026-01-17T18:44:42.206+00:00') ON CONFLICT DO NOTHING;
INSERT INTO public.system_settings (key, value, description, updated_at) VALUES ('photo_uploads_enabled', 'true', NULL, '2026-01-18T14:18:25.107+00:00') ON CONFLICT DO NOTHING;
INSERT INTO public.system_settings (key, value, description, updated_at) VALUES ('registration_enabled', 'true', NULL, '2026-01-18T14:54:55.187+00:00') ON CONFLICT DO NOTHING;

-- Table: communities
INSERT INTO public.communities (id, name, logo_url, description, created_at, admin_id, category, instagram_url, twitter_url, website_url, is_chat_public, university) VALUES ('59822a40-1827-4c9b-a3c3-c34f0178ad4d', 'UniVo Sanat Topluluğu', 'https://images.unsplash.com/photo-1513364776144-60967b0f800f?q=80&w=2071&auto=format&fit=crop', 'Kampüsün en renkli sanat topluluğu.', '2026-01-09T13:53:09.947847+00:00', '4ce5455a-258c-42e4-b4ef-c15ebfcbc8df', 'Sanat', 'https://www.instagram.com/kerem.dogan111/', '', '', false, 'bilkent') ON CONFLICT DO NOTHING;

-- Table: community_followers
INSERT INTO public.community_followers (id, user_id, community_id, created_at) VALUES ('c97482b7-9e3c-42e8-9b61-c34517e55f95', '581211f4-bd66-4665-a087-d1a5bdd04d74', '59822a40-1827-4c9b-a3c3-c34f0178ad4d', '2026-01-19T16:06:18.433055+00:00') ON CONFLICT DO NOTHING;

-- Table: community_permission_requests
INSERT INTO public.community_permission_requests (id, community_id, user_id, status, created_at, updated_at) VALUES ('c74bf9dd-3d08-42c8-83f0-61859bad7e0f', '59822a40-1827-4c9b-a3c3-c34f0178ad4d', '581211f4-bd66-4665-a087-d1a5bdd04d74', 'approved', '2026-01-20T11:59:37.000554+00:00', '2026-01-20T11:59:37.000554+00:00') ON CONFLICT DO NOTHING;

-- Table: community_posts
INSERT INTO public.community_posts (id, community_id, user_id, content, media_url, links, is_announcement, created_at, updated_at) VALUES ('ca89b5f0-6e31-4cfa-a79a-5a2d2c97e79c', '59822a40-1827-4c9b-a3c3-c34f0178ad4d', '4ce5455a-258c-42e4-b4ef-c15ebfcbc8df', 'Univo Sanat Topluluğunun ilk duyurusu 😯😯
', NULL, NULL, true, '2026-01-19T21:43:26.61831+00:00', '2026-01-19T21:43:26.61831+00:00') ON CONFLICT DO NOTHING;
INSERT INTO public.community_posts (id, community_id, user_id, content, media_url, links, is_announcement, created_at, updated_at) VALUES ('973340ec-4e25-4e45-89fc-b884c99679d3', '59822a40-1827-4c9b-a3c3-c34f0178ad4d', '581211f4-bd66-4665-a087-d1a5bdd04d74', 'bir şeyler paylaşıyorum
', NULL, NULL, false, '2026-01-20T12:02:26.676622+00:00', '2026-01-20T12:02:26.676622+00:00') ON CONFLICT DO NOTHING;
INSERT INTO public.community_posts (id, community_id, user_id, content, media_url, links, is_announcement, created_at, updated_at) VALUES ('550f7b53-60fe-4096-84f8-2ce3da0314be', '59822a40-1827-4c9b-a3c3-c34f0178ad4d', '581211f4-bd66-4665-a087-d1a5bdd04d74', 'Bir şeyler paylaşıyorum vol2', NULL, NULL, false, '2026-01-20T12:59:51.368455+00:00', '2026-01-20T12:59:51.368455+00:00') ON CONFLICT DO NOTHING;

-- Table: community_post_comments
INSERT INTO public.community_post_comments (id, post_id, user_id, content, created_at, updated_at, parent_id) VALUES ('5af918b8-024f-417b-bd8a-af74d957d354', 'ca89b5f0-6e31-4cfa-a79a-5a2d2c97e79c', '4ce5455a-258c-42e4-b4ef-c15ebfcbc8df', 'Ve ilk yorumu :D', '2026-01-19T21:50:57.530308+00:00', '2026-01-19T21:50:57.530308+00:00', NULL) ON CONFLICT DO NOTHING;
INSERT INTO public.community_post_comments (id, post_id, user_id, content, created_at, updated_at, parent_id) VALUES ('dad4469d-fa08-4c2f-b05d-7879c8a5d34d', 'ca89b5f0-6e31-4cfa-a79a-5a2d2c97e79c', '4ce5455a-258c-42e4-b4ef-c15ebfcbc8df', 'test', '2026-01-19T21:52:35.902598+00:00', '2026-01-19T21:52:35.902598+00:00', NULL) ON CONFLICT DO NOTHING;
INSERT INTO public.community_post_comments (id, post_id, user_id, content, created_at, updated_at, parent_id) VALUES ('62aa5f72-6a3c-4333-9ef1-5716d4e6131b', 'ca89b5f0-6e31-4cfa-a79a-5a2d2c97e79c', '4ce5455a-258c-42e4-b4ef-c15ebfcbc8df', 'vay be', '2026-01-19T22:21:36.705626+00:00', '2026-01-19T22:21:36.705626+00:00', '5af918b8-024f-417b-bd8a-af74d957d354') ON CONFLICT DO NOTHING;
INSERT INTO public.community_post_comments (id, post_id, user_id, content, created_at, updated_at, parent_id) VALUES ('396796b7-e6c4-4677-adfd-b62ed2db9172', 'ca89b5f0-6e31-4cfa-a79a-5a2d2c97e79c', '581211f4-bd66-4665-a087-d1a5bdd04d74', 'ohhhh my goooddd', '2026-01-20T11:59:23.383413+00:00', '2026-01-20T11:59:23.383413+00:00', NULL) ON CONFLICT DO NOTHING;

-- Table: community_post_reactions
INSERT INTO public.community_post_reactions (id, post_id, user_id, reaction_type, created_at) VALUES ('cac3eb1e-effb-48a5-8eaa-b95b3879c675', '973340ec-4e25-4e45-89fc-b884c99679d3', '581211f4-bd66-4665-a087-d1a5bdd04d74', 'like', '2026-01-20T12:03:34.824058+00:00') ON CONFLICT DO NOTHING;

-- Table: events
INSERT INTO public.events (id, title, category, community_id, date, time, location, excerpt, description, image_url, created_at, updated_at, quota, registration_link, maps_url) VALUES ('84250b57-0864-41bb-b8b7-9c0cf117a0eb', 'deneme', 'workshop', '59822a40-1827-4c9b-a3c3-c34f0178ad4d', '2026-01-18T00:00:00+00:00', '11:11', 'ODTÜ Eğitim Fakültesi', 'Deneme amaçlı etkinlik', 'Lorem ipsum dolor sit amet, consectetur adipiscing elit. Maecenas vel luctus sem. Duis fringilla laoreet risus ac fermentum. Nam aliquet at eros eu dictum. Aliquam erat volutpat. Duis eget lacus facilisis, interdum libero non, commodo purus. Suspendisse sollicitudin ligula imperdiet, commodo libero.', 'https://oqgdnywowtfjenjmrmwi.supabase.co/storage/v1/object/public/avatars/events/1768761149808.png', '2026-01-18T18:33:03.926214+00:00', '2026-01-18T18:33:03.926214+00:00', NULL, '', 'https://www.google.com/maps/place/ODT%C3%9C+E%C4%9Fitim+Fak%C3%BCltesi/@39.9007359,32.7762551,246m/data=!3m1!1e3!4m14!1m7!3m6!1s0x14d3463ab63600b1:0xc8bef2c5f3ac6db0!2zT0RUw5wgRcSfaXRpbSBGYWvDvGx0ZXNp!8m2!3d39.9007613!4d32.7761796!16s%2Fg%2F120r01ym!3m5!1s0x14d3463ab63600b1:0xc8bef2c5f3ac6db0!8m2!3d39.9007613!4d32.7761796!16s%2Fg%2F120r01ym?entry=ttu&g_ep=EgoyMDI2MDExMy4wIKXMDSoASAFQAw%3D%3D') ON CONFLICT DO NOTHING;
INSERT INTO public.events (id, title, category, community_id, date, time, location, excerpt, description, image_url, created_at, updated_at, quota, registration_link, maps_url) VALUES ('f82f3db1-8b78-49fb-8da0-6cb9e29e69b8', 'Yeni etkinlik', 'talk', '59822a40-1827-4c9b-a3c3-c34f0178ad4d', '2026-01-20T00:00:00+00:00', '18:00', 'ODTÜ Eğitim Fakültesi', 'Salhin demesi için etkinlik', '
Lorem ipsum dolor sit amet, consectetur adipiscing elit. Proin quis lectus pharetra, faucibus mauris nec, faucibus arcu. Quisque et accumsan tellus. Phasellus congue aliquam volutpat. Ut sapien ligula, volutpat tristique nulla a, lobortis placerat magna. In ut dapibus lacus. Fusce molestie augue ex.', 'https://oqgdnywowtfjenjmrmwi.supabase.co/storage/v1/object/public/avatars/events/1768838458842.jpg', '2026-01-19T16:01:30.796083+00:00', '2026-01-19T16:01:30.796083+00:00', NULL, '', 'https://www.google.com/maps/place/ODT%C3%9C+E%C4%9Fitim+Fak%C3%BCltesi/@39.9007613,32.7761796,827m/data=!3m2!1e3!4b1!4m6!3m5!1s0x14d3463ab63600b1:0xc8bef2c5f3ac6db0!8m2!3d39.9007613!4d32.7761796!16s%2Fg%2F120r01ym?entry=ttu&g_ep=EgoyMDI2MDExMy4wIKXMDSoASAFQAw%3D%3D') ON CONFLICT DO NOTHING;
INSERT INTO public.events (id, title, category, community_id, date, time, location, excerpt, description, image_url, created_at, updated_at, quota, registration_link, maps_url) VALUES ('2bfef419-b83a-4fad-92c4-7ccbf275e70c', 'Boyama Festivali - Deneme Etkinliği', 'workshop', '59822a40-1827-4c9b-a3c3-c34f0178ad4d', '2026-01-10T00:00:00+00:00', '12:00', 'ODTÜ Eğitim Fakültesi', 'Lorem ipsum dolor sit amet, consectetur adipiscing elit. Nam et vehicula ligula. Nullam at nunc pellentesque, pharetra dui vel, accumsan.



', 'Lorem ipsum dolor sit amet, consectetur adipiscing elit. Donec velit ipsum, faucibus vel metus ut, rhoncus malesuada arcu. Nam vehicula mattis lorem, eu dignissim arcu lacinia in. Aenean rhoncus lectus in varius aliquam. Sed dictum aliquet diam, nec blandit diam.

', 'https://oqgdnywowtfjenjmrmwi.supabase.co/storage/v1/object/public/avatars/events/1767979884446.png', '2026-01-09T17:33:52.802293+00:00', '2026-01-09T17:34:32.896336+00:00', 20, '', 'https://www.google.com/maps/place/ODT%C3%9C+E%C4%9Fitim+Fak%C3%BCltesi/@39.8965995,32.766737,1655m/data=!3m1!1e3!4m6!3m5!1s0x14d3463ab63600b1:0xc8bef2c5f3ac6db0!8m2!3d39.9007613!4d32.7761796!16s%2Fg%2F120r01ym?entry=ttu&g_ep=EgoyMDI2MDEwNi4wIKXMDSoASAFQAw%3D%3D') ON CONFLICT DO NOTHING;

-- Table: event_attendees
INSERT INTO public.event_attendees (id, event_id, user_id, rsvp_status, created_at) VALUES ('7ccc8e2e-6370-461c-88db-e29a7578cce1', '2bfef419-b83a-4fad-92c4-7ccbf275e70c', '4ce5455a-258c-42e4-b4ef-c15ebfcbc8df', 'going', '2026-01-09T18:16:43.773455+00:00') ON CONFLICT DO NOTHING;

-- Table: campus_voices
INSERT INTO public.campus_voices (id, user_id, content, is_anonymous, is_editors_choice, tags, moderation_status, created_at, updated_at, image_url) VALUES ('9318eabe-8a3b-49e2-a4df-ded97859b3f5', '336b3982-f21d-4ade-bb08-39366ee6c48f', 'test #etkinlik ', false, false, ARRAY['#etkinlik']::TEXT[], 'approved', '2026-01-05T17:35:04.993471+00:00', '2026-01-05T17:35:04.993471+00:00', NULL) ON CONFLICT DO NOTHING;
INSERT INTO public.campus_voices (id, user_id, content, is_anonymous, is_editors_choice, tags, moderation_status, created_at, updated_at, image_url) VALUES ('dd72721c-5e39-4379-83bb-ff5b1853daed', '336b3982-f21d-4ade-bb08-39366ee6c48f', 'test #etkinlik ', false, false, ARRAY['#etkinlik']::TEXT[], 'approved', '2026-01-05T17:35:05.289231+00:00', '2026-01-05T17:35:05.289231+00:00', NULL) ON CONFLICT DO NOTHING;
INSERT INTO public.campus_voices (id, user_id, content, is_anonymous, is_editors_choice, tags, moderation_status, created_at, updated_at, image_url) VALUES ('b7180aac-f754-4609-aa99-da46ed1c503a', '23ea9f0b-3ab0-41d4-b4f2-c25294f6de51', 'Hava bugün ne güzel #kayramutluol', false, false, ARRAY['#kayramutluol']::TEXT[], 'approved', '2026-01-06T07:34:30.580555+00:00', '2026-01-06T07:34:30.580555+00:00', NULL) ON CONFLICT DO NOTHING;
INSERT INTO public.campus_voices (id, user_id, content, is_anonymous, is_editors_choice, tags, moderation_status, created_at, updated_at, image_url) VALUES ('7a0eb32c-db62-42e1-923d-1b070c06735f', '581211f4-bd66-4665-a087-d1a5bdd04d74', 'Sana katılıyorum Orhan, haklısın 👏🏻👏🏻👏🏻👏🏻👏🏻 #orhanhaklı', false, false, ARRAY['#orhanhaklı']::TEXT[], 'approved', '2026-01-08T06:30:49.937911+00:00', '2026-01-08T06:30:49.937911+00:00', NULL) ON CONFLICT DO NOTHING;
INSERT INTO public.campus_voices (id, user_id, content, is_anonymous, is_editors_choice, tags, moderation_status, created_at, updated_at, image_url) VALUES ('777c292e-094d-4668-ade6-4a16ab3d83a4', '1dd6b3ed-b23e-4169-824e-ce3d00ab7688', 'Pazartesi midterm var sıkıntı büyük', false, false, ARRAY[]::TEXT[], 'approved', '2026-01-08T12:31:21.228022+00:00', '2026-01-08T12:31:21.228022+00:00', NULL) ON CONFLICT DO NOTHING;
INSERT INTO public.campus_voices (id, user_id, content, is_anonymous, is_editors_choice, tags, moderation_status, created_at, updated_at, image_url) VALUES ('deb7394b-d9d5-4e6d-8819-5282d3ee5684', '4ce5455a-258c-42e4-b4ef-c15ebfcbc8df', 'Rumuzlu post denemesi #anonim', true, false, ARRAY['#anonim']::TEXT[], 'approved', '2026-01-09T12:20:43.262647+00:00', '2026-01-09T12:20:43.262647+00:00', NULL) ON CONFLICT DO NOTHING;
INSERT INTO public.campus_voices (id, user_id, content, is_anonymous, is_editors_choice, tags, moderation_status, created_at, updated_at, image_url) VALUES ('f70071b0-dbd9-4000-877c-82851494c30f', '581211f4-bd66-4665-a087-d1a5bdd04d74', 'yarın için sabırsızlanıyorum!!!!! #demoday', true, false, ARRAY['#demoday']::TEXT[], 'approved', '2026-01-09T17:58:20.360163+00:00', '2026-01-09T17:58:20.360163+00:00', NULL) ON CONFLICT DO NOTHING;
INSERT INTO public.campus_voices (id, user_id, content, is_anonymous, is_editors_choice, tags, moderation_status, created_at, updated_at, image_url) VALUES ('44da7d8e-902d-4a5d-a4c3-8bed08d60d6e', '1dd6b3ed-b23e-4169-824e-ce3d00ab7688', 'yarın demoday var sıkıntı büyük', false, false, ARRAY[]::TEXT[], 'approved', '2026-01-09T18:14:15.577594+00:00', '2026-01-09T18:14:15.577594+00:00', NULL) ON CONFLICT DO NOTHING;
INSERT INTO public.campus_voices (id, user_id, content, is_anonymous, is_editors_choice, tags, moderation_status, created_at, updated_at, image_url) VALUES ('0a8e8ebe-d7af-44b8-a328-5667ccacb5ca', '581211f4-bd66-4665-a087-d1a5bdd04d74', 'Projemize hoş geldiniz!!!', false, false, ARRAY[]::TEXT[], 'approved', '2026-01-10T09:05:09.270091+00:00', '2026-01-10T09:05:09.270091+00:00', NULL) ON CONFLICT DO NOTHING;
INSERT INTO public.campus_voices (id, user_id, content, is_anonymous, is_editors_choice, tags, moderation_status, created_at, updated_at, image_url) VALUES ('b9dcf9fc-0106-4f67-a4eb-c31b24138bc1', '4ce5455a-258c-42e4-b4ef-c15ebfcbc8df', 'acıktık mı #öğleyemeği', false, false, ARRAY['#öğleyemeği']::TEXT[], 'approved', '2026-01-10T09:06:22.500137+00:00', '2026-01-10T09:06:22.500137+00:00', NULL) ON CONFLICT DO NOTHING;
INSERT INTO public.campus_voices (id, user_id, content, is_anonymous, is_editors_choice, tags, moderation_status, created_at, updated_at, image_url) VALUES ('11b389ff-e405-4383-ac5a-920488a845cd', '8df6e191-f19b-4d9e-8bf7-063316bba478', 'やてたはたはたらたら。たわ
なたはたははたは #gizli', false, false, ARRAY['#gizli']::TEXT[], 'approved', '2026-01-10T09:37:14.983137+00:00', '2026-01-10T09:37:14.983137+00:00', NULL) ON CONFLICT DO NOTHING;
INSERT INTO public.campus_voices (id, user_id, content, is_anonymous, is_editors_choice, tags, moderation_status, created_at, updated_at, image_url) VALUES ('2238c421-3285-4474-9a67-58b24ed06458', 'd93aeaab-106b-4862-afe7-ec5b0887713c', 'あなたたちは　ばか　です。', false, false, ARRAY[]::TEXT[], 'approved', '2026-01-10T11:54:07.70169+00:00', '2026-01-10T11:54:07.70169+00:00', NULL) ON CONFLICT DO NOTHING;
INSERT INTO public.campus_voices (id, user_id, content, is_anonymous, is_editors_choice, tags, moderation_status, created_at, updated_at, image_url) VALUES ('d4934d40-92cf-4686-a59a-704832bb519e', '4ce5455a-258c-42e4-b4ef-c15ebfcbc8df', 'Pes etmek yok arkadaşlar, #univobitmedi', false, false, ARRAY['#univobitmedi']::TEXT[], 'approved', '2026-01-10T17:06:32.773951+00:00', '2026-01-10T17:06:32.773951+00:00', NULL) ON CONFLICT DO NOTHING;
INSERT INTO public.campus_voices (id, user_id, content, is_anonymous, is_editors_choice, tags, moderation_status, created_at, updated_at, image_url) VALUES ('44ee82ba-80b6-40ba-ab83-d71168b1d0d3', '581211f4-bd66-4665-a087-d1a5bdd04d74', '#univobitmedi
', false, false, ARRAY['#univobitmedi']::TEXT[], 'approved', '2026-01-11T18:40:02.138682+00:00', '2026-01-11T18:40:02.138682+00:00', NULL) ON CONFLICT DO NOTHING;
INSERT INTO public.campus_voices (id, user_id, content, is_anonymous, is_editors_choice, tags, moderation_status, created_at, updated_at, image_url) VALUES ('30aac95f-a00f-4e7a-a3c1-b1ea0a0f18ef', '581211f4-bd66-4665-a087-d1a5bdd04d74', 'Artık şu uygulamayı bitirin -Savaş.  #bitsinartık', false, false, ARRAY['#bitsinartık']::TEXT[], 'approved', '2026-01-12T16:34:17.935531+00:00', '2026-01-12T16:34:17.935531+00:00', NULL) ON CONFLICT DO NOTHING;
INSERT INTO public.campus_voices (id, user_id, content, is_anonymous, is_editors_choice, tags, moderation_status, created_at, updated_at, image_url) VALUES ('523ed30b-4adf-4d18-9853-a392ac0e146e', '23ea9f0b-3ab0-41d4-b4f2-c25294f6de51', 'Artık başka unililer de gelsin. sıkıldım odtuden. #bitsinartık ', false, false, ARRAY['#bitsinartık']::TEXT[], 'approved', '2026-01-12T16:48:39.397536+00:00', '2026-01-12T16:48:39.397536+00:00', NULL) ON CONFLICT DO NOTHING;
INSERT INTO public.campus_voices (id, user_id, content, is_anonymous, is_editors_choice, tags, moderation_status, created_at, updated_at, image_url) VALUES ('4f2d93d5-ffc2-4d6b-9954-e23882d8d2be', '23ea9f0b-3ab0-41d4-b4f2-c25294f6de51', 'Memleketlere dönüldü mü gençlik?  #memlekethavasıbirbaşkadır', false, false, ARRAY['#memlekethavasıbirbaşkadır']::TEXT[], 'approved', '2026-01-14T13:10:59.608337+00:00', '2026-01-14T13:10:59.608337+00:00', NULL) ON CONFLICT DO NOTHING;
INSERT INTO public.campus_voices (id, user_id, content, is_anonymous, is_editors_choice, tags, moderation_status, created_at, updated_at, image_url) VALUES ('4f2abdb6-bc47-4e4f-869a-935352d0ad7d', '4ce5455a-258c-42e4-b4ef-c15ebfcbc8df', 'Artık fotoğraflar paylaşabiliyoruz!', false, false, ARRAY[]::TEXT[], 'approved', '2026-01-18T11:23:28.791474+00:00', '2026-01-18T11:23:28.791474+00:00', 'https://oqgdnywowtfjenjmrmwi.supabase.co/storage/v1/object/public/post_images/4ce5455a-258c-42e4-b4ef-c15ebfcbc8df/1768735402417.jpg') ON CONFLICT DO NOTHING;
INSERT INTO public.campus_voices (id, user_id, content, is_anonymous, is_editors_choice, tags, moderation_status, created_at, updated_at, image_url) VALUES ('63702278-dad0-4e8c-a598-dcf25c39c1f4', '4ce5455a-258c-42e4-b4ef-c15ebfcbc8df', 'Sitemizin ilk videosu🐱🐈


', false, false, ARRAY[]::TEXT[], 'approved', '2026-01-18T16:38:08.873057+00:00', '2026-01-18T16:38:08.873057+00:00', 'https://oqgdnywowtfjenjmrmwi.supabase.co/storage/v1/object/public/voice-media/4ce5455a-258c-42e4-b4ef-c15ebfcbc8df/1768754284322.mp4') ON CONFLICT DO NOTHING;
INSERT INTO public.campus_voices (id, user_id, content, is_anonymous, is_editors_choice, tags, moderation_status, created_at, updated_at, image_url) VALUES ('3254f565-84d3-4837-89b8-56206d73a029', '581211f4-bd66-4665-a087-d1a5bdd04d74', '.', false, false, ARRAY[]::TEXT[], 'approved', '2026-01-18T17:35:27.334846+00:00', '2026-01-18T17:35:27.334846+00:00', 'https://oqgdnywowtfjenjmrmwi.supabase.co/storage/v1/object/public/voice-media/581211f4-bd66-4665-a087-d1a5bdd04d74/1768757725788.png') ON CONFLICT DO NOTHING;
INSERT INTO public.campus_voices (id, user_id, content, is_anonymous, is_editors_choice, tags, moderation_status, created_at, updated_at, image_url) VALUES ('fdbee172-ad4e-419e-99ae-bb8138875336', '581211f4-bd66-4665-a087-d1a5bdd04d74', 'ilk #ilk ', true, false, ARRAY['#ilk']::TEXT[], 'approved', '2026-01-18T18:38:01.493046+00:00', '2026-01-18T18:38:01.493046+00:00', 'https://oqgdnywowtfjenjmrmwi.supabase.co/storage/v1/object/public/voice-media/581211f4-bd66-4665-a087-d1a5bdd04d74/1768761479052.png') ON CONFLICT DO NOTHING;
INSERT INTO public.campus_voices (id, user_id, content, is_anonymous, is_editors_choice, tags, moderation_status, created_at, updated_at, image_url) VALUES ('e3b4c413-916b-4f01-a314-c8d9ddd839c5', '5724f9af-e272-4141-a398-18d6f80581c0', 'merhaba odtülüler bilkentten herkese esenlikler dilerim', false, false, ARRAY[]::TEXT[], 'approved', '2026-01-19T13:04:36.902631+00:00', '2026-01-19T13:04:36.902631+00:00', NULL) ON CONFLICT DO NOTHING;
INSERT INTO public.campus_voices (id, user_id, content, is_anonymous, is_editors_choice, tags, moderation_status, created_at, updated_at, image_url) VALUES ('bb4c30d5-890b-4376-8247-d07c22465413', '581211f4-bd66-4665-a087-d1a5bdd04d74', 'Esenlikler, Dünya #global', false, false, ARRAY['#global']::TEXT[], 'approved', '2026-01-20T10:24:41.762113+00:00', '2026-01-20T10:24:41.762113+00:00', NULL) ON CONFLICT DO NOTHING;

-- Table: voice_reactions
INSERT INTO public.voice_reactions (id, voice_id, user_id, reaction_type, created_at) VALUES ('f049a803-3957-4e2d-b7d3-667808554c35', '777c292e-094d-4668-ade6-4a16ab3d83a4', '1dd6b3ed-b23e-4169-824e-ce3d00ab7688', 'like', '2026-01-08T12:31:48.98525+00:00') ON CONFLICT DO NOTHING;
INSERT INTO public.voice_reactions (id, voice_id, user_id, reaction_type, created_at) VALUES ('459c214b-f735-4843-93c6-83193d73e624', 'b7180aac-f754-4609-aa99-da46ed1c503a', '4ce5455a-258c-42e4-b4ef-c15ebfcbc8df', 'like', '2026-01-09T14:01:15.124792+00:00') ON CONFLICT DO NOTHING;
INSERT INTO public.voice_reactions (id, voice_id, user_id, reaction_type, created_at) VALUES ('48564acb-988f-4eed-9329-066040c6bed3', 'f70071b0-dbd9-4000-877c-82851494c30f', '4ce5455a-258c-42e4-b4ef-c15ebfcbc8df', 'like', '2026-01-09T18:27:09.803898+00:00') ON CONFLICT DO NOTHING;
INSERT INTO public.voice_reactions (id, voice_id, user_id, reaction_type, created_at) VALUES ('eea8d806-393a-4eea-954d-e3e63cdc348d', 'b7180aac-f754-4609-aa99-da46ed1c503a', '581211f4-bd66-4665-a087-d1a5bdd04d74', 'like', '2026-01-09T20:32:53.64375+00:00') ON CONFLICT DO NOTHING;
INSERT INTO public.voice_reactions (id, voice_id, user_id, reaction_type, created_at) VALUES ('af192ef0-6e9f-431c-bfcb-65e1878dd3c6', '11b389ff-e405-4383-ac5a-920488a845cd', '1dd6b3ed-b23e-4169-824e-ce3d00ab7688', 'like', '2026-01-10T11:53:51.104345+00:00') ON CONFLICT DO NOTHING;
INSERT INTO public.voice_reactions (id, voice_id, user_id, reaction_type, created_at) VALUES ('36b3b81c-2adb-4ff3-8ba0-6495ee7f80b3', '2238c421-3285-4474-9a67-58b24ed06458', '4ce5455a-258c-42e4-b4ef-c15ebfcbc8df', 'like', '2026-01-10T11:54:50.549153+00:00') ON CONFLICT DO NOTHING;
INSERT INTO public.voice_reactions (id, voice_id, user_id, reaction_type, created_at) VALUES ('1f8caabc-a249-48f0-811c-f3a4d05a00c9', 'd4934d40-92cf-4686-a59a-704832bb519e', '581211f4-bd66-4665-a087-d1a5bdd04d74', 'like', '2026-01-11T18:39:40.059208+00:00') ON CONFLICT DO NOTHING;
INSERT INTO public.voice_reactions (id, voice_id, user_id, reaction_type, created_at) VALUES ('cadf0a6a-1a01-467f-bd54-41bb527d0efe', '30aac95f-a00f-4e7a-a3c1-b1ea0a0f18ef', '23ea9f0b-3ab0-41d4-b4f2-c25294f6de51', 'like', '2026-01-12T16:48:45.510669+00:00') ON CONFLICT DO NOTHING;
INSERT INTO public.voice_reactions (id, voice_id, user_id, reaction_type, created_at) VALUES ('57379020-d458-4e14-9d54-146c46721552', '4f2d93d5-ffc2-4d6b-9954-e23882d8d2be', '4ce5455a-258c-42e4-b4ef-c15ebfcbc8df', 'like', '2026-01-16T10:53:58.314435+00:00') ON CONFLICT DO NOTHING;
INSERT INTO public.voice_reactions (id, voice_id, user_id, reaction_type, created_at) VALUES ('46975fa2-b7f0-4d00-80de-07ebb244a701', '63702278-dad0-4e8c-a598-dcf25c39c1f4', '4ce5455a-258c-42e4-b4ef-c15ebfcbc8df', 'like', '2026-01-18T17:05:56.937549+00:00') ON CONFLICT DO NOTHING;
INSERT INTO public.voice_reactions (id, voice_id, user_id, reaction_type, created_at) VALUES ('cb477c1d-52fa-4e5c-94d5-b4fbfc5865fc', 'fdbee172-ad4e-419e-99ae-bb8138875336', '581211f4-bd66-4665-a087-d1a5bdd04d74', 'like', '2026-01-18T19:32:33.959218+00:00') ON CONFLICT DO NOTHING;
INSERT INTO public.voice_reactions (id, voice_id, user_id, reaction_type, created_at) VALUES ('bc225d74-6f30-456c-b257-1bba3adaf118', 'fdbee172-ad4e-419e-99ae-bb8138875336', '5724f9af-e272-4141-a398-18d6f80581c0', 'like', '2026-01-18T23:04:30.387626+00:00') ON CONFLICT DO NOTHING;
INSERT INTO public.voice_reactions (id, voice_id, user_id, reaction_type, created_at) VALUES ('70cefdbc-4b94-4a98-a5c3-e26dc5af95e2', 'bb4c30d5-890b-4376-8247-d07c22465413', '4ce5455a-258c-42e4-b4ef-c15ebfcbc8df', 'like', '2026-01-20T10:28:44.298257+00:00') ON CONFLICT DO NOTHING;
INSERT INTO public.voice_reactions (id, voice_id, user_id, reaction_type, created_at) VALUES ('922d4fb3-5e87-4820-94ec-e2e1598d8a03', '777c292e-094d-4668-ade6-4a16ab3d83a4', '4ce5455a-258c-42e4-b4ef-c15ebfcbc8df', 'like', '2026-01-08T12:32:04.852976+00:00') ON CONFLICT DO NOTHING;
INSERT INTO public.voice_reactions (id, voice_id, user_id, reaction_type, created_at) VALUES ('9d651579-3073-48a9-a615-57e5f2627c25', '44da7d8e-902d-4a5d-a4c3-8bed08d60d6e', '1dd6b3ed-b23e-4169-824e-ce3d00ab7688', 'like', '2026-01-09T18:14:18.889248+00:00') ON CONFLICT DO NOTHING;
INSERT INTO public.voice_reactions (id, voice_id, user_id, reaction_type, created_at) VALUES ('63115211-241a-42ff-a56f-02668a8801b9', '44da7d8e-902d-4a5d-a4c3-8bed08d60d6e', '581211f4-bd66-4665-a087-d1a5bdd04d74', 'like', '2026-01-09T20:15:57.922606+00:00') ON CONFLICT DO NOTHING;
INSERT INTO public.voice_reactions (id, voice_id, user_id, reaction_type, created_at) VALUES ('4151de4f-d5d5-4f53-b70f-e9f0f20c4aa6', '11b389ff-e405-4383-ac5a-920488a845cd', '4ce5455a-258c-42e4-b4ef-c15ebfcbc8df', 'like', '2026-01-10T09:52:46.385859+00:00') ON CONFLICT DO NOTHING;
INSERT INTO public.voice_reactions (id, voice_id, user_id, reaction_type, created_at) VALUES ('eb09c326-168c-4613-b030-6d9645a309b4', '0a8e8ebe-d7af-44b8-a328-5667ccacb5ca', '4ce5455a-258c-42e4-b4ef-c15ebfcbc8df', 'like', '2026-01-10T11:54:08.824441+00:00') ON CONFLICT DO NOTHING;
INSERT INTO public.voice_reactions (id, voice_id, user_id, reaction_type, created_at) VALUES ('6e2f5a99-6eaa-4468-988f-da30726049e0', 'd4934d40-92cf-4686-a59a-704832bb519e', '4ce5455a-258c-42e4-b4ef-c15ebfcbc8df', 'like', '2026-01-10T17:30:03.05908+00:00') ON CONFLICT DO NOTHING;
INSERT INTO public.voice_reactions (id, voice_id, user_id, reaction_type, created_at) VALUES ('17884d91-b275-42c4-a26e-8c381abd0d47', '44ee82ba-80b6-40ba-ab83-d71168b1d0d3', '4ce5455a-258c-42e4-b4ef-c15ebfcbc8df', 'like', '2026-01-11T19:45:13.017693+00:00') ON CONFLICT DO NOTHING;
INSERT INTO public.voice_reactions (id, voice_id, user_id, reaction_type, created_at) VALUES ('e5033abb-8bc2-416a-a9fb-e3d466a84861', '523ed30b-4adf-4d18-9853-a392ac0e146e', '23ea9f0b-3ab0-41d4-b4f2-c25294f6de51', 'like', '2026-01-12T16:48:47.52185+00:00') ON CONFLICT DO NOTHING;
INSERT INTO public.voice_reactions (id, voice_id, user_id, reaction_type, created_at) VALUES ('607ea8af-281e-4afb-b00a-7272003601d7', '30aac95f-a00f-4e7a-a3c1-b1ea0a0f18ef', '4ce5455a-258c-42e4-b4ef-c15ebfcbc8df', 'like', '2026-01-16T10:55:34.830804+00:00') ON CONFLICT DO NOTHING;
INSERT INTO public.voice_reactions (id, voice_id, user_id, reaction_type, created_at) VALUES ('9943407f-4e9b-408d-9ceb-160f602ce936', '63702278-dad0-4e8c-a598-dcf25c39c1f4', '581211f4-bd66-4665-a087-d1a5bdd04d74', 'like', '2026-01-18T17:34:43.741496+00:00') ON CONFLICT DO NOTHING;
INSERT INTO public.voice_reactions (id, voice_id, user_id, reaction_type, created_at) VALUES ('19c898f5-ef2a-495f-a308-0eb3a0496cf5', '3254f565-84d3-4837-89b8-56206d73a029', '581211f4-bd66-4665-a087-d1a5bdd04d74', 'like', '2026-01-18T19:32:39.744488+00:00') ON CONFLICT DO NOTHING;
INSERT INTO public.voice_reactions (id, voice_id, user_id, reaction_type, created_at) VALUES ('e3db94f3-d3c3-4431-a28c-7579850a3e1a', '63702278-dad0-4e8c-a598-dcf25c39c1f4', '5724f9af-e272-4141-a398-18d6f80581c0', 'like', '2026-01-18T23:04:35.772669+00:00') ON CONFLICT DO NOTHING;
INSERT INTO public.voice_reactions (id, voice_id, user_id, reaction_type, created_at) VALUES ('293a0a60-69af-4463-8f87-a290ce40ea0d', '777c292e-094d-4668-ade6-4a16ab3d83a4', '581211f4-bd66-4665-a087-d1a5bdd04d74', 'like', '2026-01-08T15:23:52.664814+00:00') ON CONFLICT DO NOTHING;
INSERT INTO public.voice_reactions (id, voice_id, user_id, reaction_type, created_at) VALUES ('b99f11da-6a0d-4a87-86ff-7f76b5e3043a', '44da7d8e-902d-4a5d-a4c3-8bed08d60d6e', '4ce5455a-258c-42e4-b4ef-c15ebfcbc8df', 'like', '2026-01-09T18:25:16.10212+00:00') ON CONFLICT DO NOTHING;
INSERT INTO public.voice_reactions (id, voice_id, user_id, reaction_type, created_at) VALUES ('318f749d-b17b-4615-bb19-954a128d37cc', '7a0eb32c-db62-42e1-923d-1b070c06735f', '581211f4-bd66-4665-a087-d1a5bdd04d74', 'like', '2026-01-09T20:32:51.0849+00:00') ON CONFLICT DO NOTHING;
INSERT INTO public.voice_reactions (id, voice_id, user_id, reaction_type, created_at) VALUES ('9ae4a9f2-2742-4c35-9d75-149716ffacce', '11b389ff-e405-4383-ac5a-920488a845cd', '581211f4-bd66-4665-a087-d1a5bdd04d74', 'like', '2026-01-10T09:52:49.974357+00:00') ON CONFLICT DO NOTHING;
INSERT INTO public.voice_reactions (id, voice_id, user_id, reaction_type, created_at) VALUES ('17bdc87a-8df9-4bc2-b444-ddc7e256bbc2', 'b9dcf9fc-0106-4f67-a4eb-c31b24138bc1', '4ce5455a-258c-42e4-b4ef-c15ebfcbc8df', 'like', '2026-01-10T11:54:10.896581+00:00') ON CONFLICT DO NOTHING;
INSERT INTO public.voice_reactions (id, voice_id, user_id, reaction_type, created_at) VALUES ('88f8ac41-ba19-4989-b5dc-f3e45d08a6c5', '30aac95f-a00f-4e7a-a3c1-b1ea0a0f18ef', '581211f4-bd66-4665-a087-d1a5bdd04d74', 'like', '2026-01-12T16:34:24.000829+00:00') ON CONFLICT DO NOTHING;
INSERT INTO public.voice_reactions (id, voice_id, user_id, reaction_type, created_at) VALUES ('f25631f8-8fed-4851-94e3-fecf87c9b91c', '523ed30b-4adf-4d18-9853-a392ac0e146e', '4ce5455a-258c-42e4-b4ef-c15ebfcbc8df', 'like', '2026-01-13T17:37:01.633237+00:00') ON CONFLICT DO NOTHING;
INSERT INTO public.voice_reactions (id, voice_id, user_id, reaction_type, created_at) VALUES ('7fcf93bf-dcb5-4d12-9329-01bd9e436e00', '4f2abdb6-bc47-4e4f-869a-935352d0ad7d', '4ce5455a-258c-42e4-b4ef-c15ebfcbc8df', 'like', '2026-01-18T11:25:42.831465+00:00') ON CONFLICT DO NOTHING;
INSERT INTO public.voice_reactions (id, voice_id, user_id, reaction_type, created_at) VALUES ('496c6f7e-1887-4c17-9c43-33a4bce3ebf0', 'fdbee172-ad4e-419e-99ae-bb8138875336', '4ce5455a-258c-42e4-b4ef-c15ebfcbc8df', 'like', '2026-01-18T19:26:46.021867+00:00') ON CONFLICT DO NOTHING;
INSERT INTO public.voice_reactions (id, voice_id, user_id, reaction_type, created_at) VALUES ('89168c78-2fdb-43dc-a9f2-2b62296cc0c8', '3254f565-84d3-4837-89b8-56206d73a029', '4ce5455a-258c-42e4-b4ef-c15ebfcbc8df', 'like', '2026-01-18T21:40:37.381287+00:00') ON CONFLICT DO NOTHING;
INSERT INTO public.voice_reactions (id, voice_id, user_id, reaction_type, created_at) VALUES ('90b4ba8c-1084-4581-812a-6414d8d504e1', 'b7180aac-f754-4609-aa99-da46ed1c503a', '23ea9f0b-3ab0-41d4-b4f2-c25294f6de51', 'dislike', '2026-01-06T07:37:36.870631+00:00') ON CONFLICT DO NOTHING;
INSERT INTO public.voice_reactions (id, voice_id, user_id, reaction_type, created_at) VALUES ('a9cd2545-2906-40b9-949a-1c6b5e49238b', 'b7180aac-f754-4609-aa99-da46ed1c503a', '406b3a31-1a25-4858-9f16-5ff70ad41cab', 'like', '2026-01-06T08:25:27.153276+00:00') ON CONFLICT DO NOTHING;
INSERT INTO public.voice_reactions (id, voice_id, user_id, reaction_type, created_at) VALUES ('84264120-aef1-4b9d-a2b6-9798d7e723fe', 'e3b4c413-916b-4f01-a314-c8d9ddd839c5', '4ce5455a-258c-42e4-b4ef-c15ebfcbc8df', 'like', '2026-01-19T15:47:59.000078+00:00') ON CONFLICT DO NOTHING;
INSERT INTO public.voice_reactions (id, voice_id, user_id, reaction_type, created_at) VALUES ('c13cc37a-5a84-4c8f-b569-ad7c26f85e85', '7a0eb32c-db62-42e1-923d-1b070c06735f', '4ce5455a-258c-42e4-b4ef-c15ebfcbc8df', 'like', '2026-01-08T06:31:34.459442+00:00') ON CONFLICT DO NOTHING;

-- Table: voice_comments
INSERT INTO public.voice_comments (id, voice_id, user_id, content, created_at, parent_id) VALUES ('7bb49f71-d1a1-4e17-8fc4-8ea7061ee50f', '777c292e-094d-4668-ade6-4a16ab3d83a4', '581211f4-bd66-4665-a087-d1a5bdd04d74', 'yorum,', '2026-01-08T15:29:17.835297+00:00', NULL) ON CONFLICT DO NOTHING;
INSERT INTO public.voice_comments (id, voice_id, user_id, content, created_at, parent_id) VALUES ('0179d8ee-d6a6-4451-9c56-2198b20d4ff7', '44da7d8e-902d-4a5d-a4c3-8bed08d60d6e', '4ce5455a-258c-42e4-b4ef-c15ebfcbc8df', 'haklı', '2026-01-09T18:25:48.121983+00:00', NULL) ON CONFLICT DO NOTHING;
INSERT INTO public.voice_comments (id, voice_id, user_id, content, created_at, parent_id) VALUES ('c168e321-2c21-4b3b-a85a-4006f9551b48', '44da7d8e-902d-4a5d-a4c3-8bed08d60d6e', '581211f4-bd66-4665-a087-d1a5bdd04d74', 'haklı', '2026-01-09T20:16:41.835863+00:00', NULL) ON CONFLICT DO NOTHING;
INSERT INTO public.voice_comments (id, voice_id, user_id, content, created_at, parent_id) VALUES ('0e7ad45b-76fc-41f1-ad4a-ad6fa9e12c90', '44da7d8e-902d-4a5d-a4c3-8bed08d60d6e', '581211f4-bd66-4665-a087-d1a5bdd04d74', 'haklı 2', '2026-01-09T20:16:55.271195+00:00', NULL) ON CONFLICT DO NOTHING;
INSERT INTO public.voice_comments (id, voice_id, user_id, content, created_at, parent_id) VALUES ('111a75c3-8947-4591-b73d-5ccc2f6dbffd', '44da7d8e-902d-4a5d-a4c3-8bed08d60d6e', '581211f4-bd66-4665-a087-d1a5bdd04d74', 'haklı 3', '2026-01-09T20:17:00.420388+00:00', NULL) ON CONFLICT DO NOTHING;
INSERT INTO public.voice_comments (id, voice_id, user_id, content, created_at, parent_id) VALUES ('48229343-7dab-41e8-963e-6a2273ae5b59', '44da7d8e-902d-4a5d-a4c3-8bed08d60d6e', '581211f4-bd66-4665-a087-d1a5bdd04d74', 'haklı 4', '2026-01-09T20:17:05.200244+00:00', NULL) ON CONFLICT DO NOTHING;
INSERT INTO public.voice_comments (id, voice_id, user_id, content, created_at, parent_id) VALUES ('113212ce-bec2-4c0a-a8ec-e0efde14c61a', 'b9dcf9fc-0106-4f67-a4eb-c31b24138bc1', '581211f4-bd66-4665-a087-d1a5bdd04d74', 'Yok abi ama tatlı var', '2026-01-10T09:06:41.347212+00:00', NULL) ON CONFLICT DO NOTHING;
INSERT INTO public.voice_comments (id, voice_id, user_id, content, created_at, parent_id) VALUES ('9b577132-cceb-4601-8563-d3c2265f8ce0', '11b389ff-e405-4383-ac5a-920488a845cd', '581211f4-bd66-4665-a087-d1a5bdd04d74', '😪😪😪🫡', '2026-01-10T09:53:24.85676+00:00', NULL) ON CONFLICT DO NOTHING;
INSERT INTO public.voice_comments (id, voice_id, user_id, content, created_at, parent_id) VALUES ('bffb8441-4ea9-49c8-a419-05f792b7ed9d', '2238c421-3285-4474-9a67-58b24ed06458', '4ce5455a-258c-42e4-b4ef-c15ebfcbc8df', 'sensin o', '2026-01-10T11:55:17.521106+00:00', NULL) ON CONFLICT DO NOTHING;
INSERT INTO public.voice_comments (id, voice_id, user_id, content, created_at, parent_id) VALUES ('888d4205-6ad3-4434-b5e6-7e4b3c186e21', '2238c421-3285-4474-9a67-58b24ed06458', 'd93aeaab-106b-4862-afe7-ec5b0887713c', 'わたしは　ばか　です。', '2026-01-10T11:55:35.201513+00:00', NULL) ON CONFLICT DO NOTHING;
INSERT INTO public.voice_comments (id, voice_id, user_id, content, created_at, parent_id) VALUES ('3f83209e-2786-4b55-beca-d8a2de413351', 'deb7394b-d9d5-4e6d-8819-5282d3ee5684', '4ce5455a-258c-42e4-b4ef-c15ebfcbc8df', 'yorum testi', '2026-01-11T10:07:56.747546+00:00', NULL) ON CONFLICT DO NOTHING;
INSERT INTO public.voice_comments (id, voice_id, user_id, content, created_at, parent_id) VALUES ('30e43b74-fe32-4cb5-829b-39e3daf4a7b4', 'deb7394b-d9d5-4e6d-8819-5282d3ee5684', '4ce5455a-258c-42e4-b4ef-c15ebfcbc8df', 'tekrar yorum testi', '2026-01-11T10:45:51.92936+00:00', '3f83209e-2786-4b55-beca-d8a2de413351') ON CONFLICT DO NOTHING;
INSERT INTO public.voice_comments (id, voice_id, user_id, content, created_at, parent_id) VALUES ('9d71d0d3-ece2-47ea-ac99-67118c5e173a', 'deb7394b-d9d5-4e6d-8819-5282d3ee5684', '4ce5455a-258c-42e4-b4ef-c15ebfcbc8df', 'başka bir yorum testi', '2026-01-11T12:09:49.949124+00:00', NULL) ON CONFLICT DO NOTHING;
INSERT INTO public.voice_comments (id, voice_id, user_id, content, created_at, parent_id) VALUES ('b90bf0fe-98b8-4318-8eb0-13c3b5e999dd', '4f2d93d5-ffc2-4d6b-9954-e23882d8d2be', '4ce5455a-258c-42e4-b4ef-c15ebfcbc8df', 'evet dönüldü🫡', '2026-01-16T10:54:31.960194+00:00', NULL) ON CONFLICT DO NOTHING;
INSERT INTO public.voice_comments (id, voice_id, user_id, content, created_at, parent_id) VALUES ('01cb1c34-f488-4761-a8f2-6fb2fed80a29', '63702278-dad0-4e8c-a598-dcf25c39c1f4', '581211f4-bd66-4665-a087-d1a5bdd04d74', 'çoookkk güzelll :::DDD', '2026-01-18T17:34:53.55253+00:00', NULL) ON CONFLICT DO NOTHING;
INSERT INTO public.voice_comments (id, voice_id, user_id, content, created_at, parent_id) VALUES ('6b9e341b-5421-42a4-a4fc-3e0ffeb48f89', 'e3b4c413-916b-4f01-a314-c8d9ddd839c5', '4ce5455a-258c-42e4-b4ef-c15ebfcbc8df', 'buraya yazamıyor olman lazım 😭 Sitemizin açığını buldun', '2026-01-19T15:47:58.080676+00:00', NULL) ON CONFLICT DO NOTHING;
INSERT INTO public.voice_comments (id, voice_id, user_id, content, created_at, parent_id) VALUES ('9bace935-9d83-4080-b50b-a5cfc4f27a52', 'e3b4c413-916b-4f01-a314-c8d9ddd839c5', '4ce5455a-258c-42e4-b4ef-c15ebfcbc8df', 'hoşgeldin :D', '2026-01-19T16:07:12.662167+00:00', NULL) ON CONFLICT DO NOTHING;
INSERT INTO public.voice_comments (id, voice_id, user_id, content, created_at, parent_id) VALUES ('047530ed-54f3-4e4a-b24b-64210f92046a', 'e3b4c413-916b-4f01-a314-c8d9ddd839c5', '581211f4-bd66-4665-a087-d1a5bdd04d74', 'ben de onlarınkine yazıyorum :DDD', '2026-01-20T10:23:57.391173+00:00', '6b9e341b-5421-42a4-a4fc-3e0ffeb48f89') ON CONFLICT DO NOTHING;

-- Table: voice_comment_reactions
INSERT INTO public.voice_comment_reactions (id, comment_id, user_id, reaction_type, created_at) VALUES ('7284e8a2-a6d8-485f-b71f-20817ec5ed3c', '888d4205-6ad3-4434-b5e6-7e4b3c186e21', '4ce5455a-258c-42e4-b4ef-c15ebfcbc8df', 'like', '2026-01-11T10:44:35.763564+00:00') ON CONFLICT DO NOTHING;
INSERT INTO public.voice_comment_reactions (id, comment_id, user_id, reaction_type, created_at) VALUES ('348146ff-39f1-49cc-b855-fc8ce03c208b', 'bffb8441-4ea9-49c8-a419-05f792b7ed9d', '4ce5455a-258c-42e4-b4ef-c15ebfcbc8df', 'like', '2026-01-11T10:44:36.956631+00:00') ON CONFLICT DO NOTHING;

-- Table: friendships
INSERT INTO public.friendships (id, requester_id, receiver_id, status, created_at, updated_at) VALUES ('7677bc5d-fc4a-4cf5-976b-5e63bb873eed', '1dd6b3ed-b23e-4169-824e-ce3d00ab7688', '4ce5455a-258c-42e4-b4ef-c15ebfcbc8df', 'accepted', '2026-01-08T12:35:38.796457+00:00', '2026-01-08T15:42:42.637+00:00') ON CONFLICT DO NOTHING;
INSERT INTO public.friendships (id, requester_id, receiver_id, status, created_at, updated_at) VALUES ('de7b8483-9b69-4f63-b328-ed502a332b63', '581211f4-bd66-4665-a087-d1a5bdd04d74', '4ce5455a-258c-42e4-b4ef-c15ebfcbc8df', 'accepted', '2026-01-08T20:54:55.680696+00:00', '2026-01-08T21:00:40.23+00:00') ON CONFLICT DO NOTHING;
INSERT INTO public.friendships (id, requester_id, receiver_id, status, created_at, updated_at) VALUES ('7f77fb80-1a61-4d2f-bb08-0d8f3c2c19ad', '5f94c5f7-0c15-4e5f-a5ef-7f5192682c4e', '4ce5455a-258c-42e4-b4ef-c15ebfcbc8df', 'accepted', '2026-01-09T08:29:25.40457+00:00', '2026-01-09T08:29:57.141+00:00') ON CONFLICT DO NOTHING;
INSERT INTO public.friendships (id, requester_id, receiver_id, status, created_at, updated_at) VALUES ('b8073abc-d201-4a4d-92ba-321fa6cff38f', '4ce5455a-258c-42e4-b4ef-c15ebfcbc8df', '336b3982-f21d-4ade-bb08-39366ee6c48f', 'pending', '2026-01-09T16:44:25.599746+00:00', '2026-01-09T16:44:25.599746+00:00') ON CONFLICT DO NOTHING;
INSERT INTO public.friendships (id, requester_id, receiver_id, status, created_at, updated_at) VALUES ('7d2b96fd-7458-42ba-bfb0-cc1fb7f9ee70', 'd93aeaab-106b-4862-afe7-ec5b0887713c', '4ce5455a-258c-42e4-b4ef-c15ebfcbc8df', 'accepted', '2026-01-10T11:56:35.175929+00:00', '2026-01-10T11:56:48.38+00:00') ON CONFLICT DO NOTHING;
INSERT INTO public.friendships (id, requester_id, receiver_id, status, created_at, updated_at) VALUES ('7921fe55-ce85-42c7-acee-86ce6dc6bf58', '4ce5455a-258c-42e4-b4ef-c15ebfcbc8df', '23ea9f0b-3ab0-41d4-b4f2-c25294f6de51', 'pending', '2026-01-13T17:39:49.95971+00:00', '2026-01-13T17:39:49.95971+00:00') ON CONFLICT DO NOTHING;
INSERT INTO public.friendships (id, requester_id, receiver_id, status, created_at, updated_at) VALUES ('95838817-3acd-4d44-a108-6732fe9f7dae', '5724f9af-e272-4141-a398-18d6f80581c0', '4ce5455a-258c-42e4-b4ef-c15ebfcbc8df', 'accepted', '2026-01-18T23:04:44.956982+00:00', '2026-01-19T10:33:45.2+00:00') ON CONFLICT DO NOTHING;

-- Table: notifications
INSERT INTO public.notifications (id, user_id, type, actor_id, content_id, message, read, created_at) VALUES ('9772bb1a-c0cd-4e51-b426-2c098b70bb64', '1dd6b3ed-b23e-4169-824e-ce3d00ab7688', 'friend_request_accepted', '4ce5455a-258c-42e4-b4ef-c15ebfcbc8df', NULL, 'KEREM DOĞAN arkadaşlık isteğini kabul etti', false, '2026-01-08T15:42:43.468285+00:00') ON CONFLICT DO NOTHING;
INSERT INTO public.notifications (id, user_id, type, actor_id, content_id, message, read, created_at) VALUES ('b431200a-99d5-49c6-8d88-6ab741b49ebd', '581211f4-bd66-4665-a087-d1a5bdd04d74', 'friend_request_accepted', '4ce5455a-258c-42e4-b4ef-c15ebfcbc8df', NULL, 'KEREM DOĞAN arkadaşlık isteğini kabul etti', true, '2026-01-08T21:00:41.465486+00:00') ON CONFLICT DO NOTHING;
INSERT INTO public.notifications (id, user_id, type, actor_id, content_id, message, read, created_at) VALUES ('117b7b0c-3548-4baa-bdff-80a34a55a0f8', '5f94c5f7-0c15-4e5f-a5ef-7f5192682c4e', 'friend_request_accepted', '4ce5455a-258c-42e4-b4ef-c15ebfcbc8df', NULL, 'KEREM DOĞAN arkadaşlık isteğini kabul etti', true, '2026-01-09T08:29:58.303076+00:00') ON CONFLICT DO NOTHING;
INSERT INTO public.notifications (id, user_id, type, actor_id, content_id, message, read, created_at) VALUES ('6764e07b-bfe8-4518-84a1-0c71c534b306', '336b3982-f21d-4ade-bb08-39366ee6c48f', 'friend_request', '4ce5455a-258c-42e4-b4ef-c15ebfcbc8df', NULL, 'Kerem Doğan sana arkadaşlık isteği gönderdi', false, '2026-01-09T16:44:26.363496+00:00') ON CONFLICT DO NOTHING;
INSERT INTO public.notifications (id, user_id, type, actor_id, content_id, message, read, created_at) VALUES ('a447beb4-0ef4-4b6d-9e53-89eaa3df5807', 'd93aeaab-106b-4862-afe7-ec5b0887713c', 'friend_request_accepted', '4ce5455a-258c-42e4-b4ef-c15ebfcbc8df', NULL, 'Kerem Doğan arkadaşlık isteğini kabul etti', false, '2026-01-10T11:56:49.180725+00:00') ON CONFLICT DO NOTHING;
INSERT INTO public.notifications (id, user_id, type, actor_id, content_id, message, read, created_at) VALUES ('950ed0e6-0475-49cf-a778-d938478b850d', '23ea9f0b-3ab0-41d4-b4f2-c25294f6de51', 'badge', NULL, NULL, 'Tebrikler! Anonim bir kimlik oluşturarak ''Gizli Kimlik'' rozetini kazandınız.', false, '2026-01-12T16:47:16.088196+00:00') ON CONFLICT DO NOTHING;
INSERT INTO public.notifications (id, user_id, type, actor_id, content_id, message, read, created_at) VALUES ('593cbd85-39f5-4c3c-a23e-a5a0ed08432d', '23ea9f0b-3ab0-41d4-b4f2-c25294f6de51', 'friend_request', '4ce5455a-258c-42e4-b4ef-c15ebfcbc8df', NULL, 'Kerem Doğan sana arkadaşlık isteği gönderdi', false, '2026-01-13T17:39:50.672984+00:00') ON CONFLICT DO NOTHING;
INSERT INTO public.notifications (id, user_id, type, actor_id, content_id, message, read, created_at) VALUES ('1f1340f4-bfe8-4848-bfaa-5a2625b460b7', '5724f9af-e272-4141-a398-18d6f80581c0', 'friend_request_accepted', '4ce5455a-258c-42e4-b4ef-c15ebfcbc8df', NULL, 'Kerem Doğan arkadaşlık isteğini kabul etti', true, '2026-01-19T10:33:46.391287+00:00') ON CONFLICT DO NOTHING;
INSERT INTO public.notifications (id, user_id, type, actor_id, content_id, message, read, created_at) VALUES ('fc4da381-1bb6-4ca8-b50e-4c499b2d3577', '1dd6b3ed-b23e-4169-824e-ce3d00ab7688', 'voice_comment', '581211f4-bd66-4665-a087-d1a5bdd04d74', NULL, 'Gönderinize yorum yaptı', true, '2026-01-08T15:29:17.835297+00:00') ON CONFLICT DO NOTHING;
INSERT INTO public.notifications (id, user_id, type, actor_id, content_id, message, read, created_at) VALUES ('181381a0-a4ac-4ad8-8cc6-a84e16ae729b', '1dd6b3ed-b23e-4169-824e-ce3d00ab7688', 'voice_comment', '4ce5455a-258c-42e4-b4ef-c15ebfcbc8df', NULL, 'Gönderinize yorum yaptı', true, '2026-01-09T18:25:48.121983+00:00') ON CONFLICT DO NOTHING;
INSERT INTO public.notifications (id, user_id, type, actor_id, content_id, message, read, created_at) VALUES ('0c416424-49c3-4550-a3b7-e63c9217c0f2', '1dd6b3ed-b23e-4169-824e-ce3d00ab7688', 'voice_comment', '581211f4-bd66-4665-a087-d1a5bdd04d74', NULL, 'Gönderinize yorum yaptı', true, '2026-01-09T20:16:41.835863+00:00') ON CONFLICT DO NOTHING;
INSERT INTO public.notifications (id, user_id, type, actor_id, content_id, message, read, created_at) VALUES ('bc7f5b09-f8fb-4c66-b501-d5c5152c76e1', '1dd6b3ed-b23e-4169-824e-ce3d00ab7688', 'voice_comment', '581211f4-bd66-4665-a087-d1a5bdd04d74', NULL, 'Gönderinize yorum yaptı', true, '2026-01-09T20:16:55.271195+00:00') ON CONFLICT DO NOTHING;
INSERT INTO public.notifications (id, user_id, type, actor_id, content_id, message, read, created_at) VALUES ('f4bdaecc-9ddf-4b83-9ade-872a540d2482', '1dd6b3ed-b23e-4169-824e-ce3d00ab7688', 'voice_comment', '581211f4-bd66-4665-a087-d1a5bdd04d74', NULL, 'Gönderinize yorum yaptı', true, '2026-01-09T20:17:00.420388+00:00') ON CONFLICT DO NOTHING;
INSERT INTO public.notifications (id, user_id, type, actor_id, content_id, message, read, created_at) VALUES ('5ebda7ad-41bc-4fe6-b5bb-602d3fb9484e', '1dd6b3ed-b23e-4169-824e-ce3d00ab7688', 'voice_comment', '581211f4-bd66-4665-a087-d1a5bdd04d74', NULL, 'Gönderinize yorum yaptı', true, '2026-01-09T20:17:05.200244+00:00') ON CONFLICT DO NOTHING;
INSERT INTO public.notifications (id, user_id, type, actor_id, content_id, message, read, created_at) VALUES ('f08491a2-5b68-4912-8883-adfd6c31b794', '4ce5455a-258c-42e4-b4ef-c15ebfcbc8df', 'voice_comment', '581211f4-bd66-4665-a087-d1a5bdd04d74', NULL, 'Gönderinize yorum yaptı', true, '2026-01-10T09:06:41.347212+00:00') ON CONFLICT DO NOTHING;
INSERT INTO public.notifications (id, user_id, type, actor_id, content_id, message, read, created_at) VALUES ('a77ac45f-daa8-462e-86b4-5f04381e0f92', '8df6e191-f19b-4d9e-8bf7-063316bba478', 'voice_comment', '581211f4-bd66-4665-a087-d1a5bdd04d74', NULL, 'Gönderinize yorum yaptı', true, '2026-01-10T09:53:24.85676+00:00') ON CONFLICT DO NOTHING;
INSERT INTO public.notifications (id, user_id, type, actor_id, content_id, message, read, created_at) VALUES ('de35eb84-bee2-4036-b9af-786c5cc849f1', 'd93aeaab-106b-4862-afe7-ec5b0887713c', 'voice_comment', '4ce5455a-258c-42e4-b4ef-c15ebfcbc8df', NULL, 'Gönderinize yorum yaptı', true, '2026-01-10T11:55:17.521106+00:00') ON CONFLICT DO NOTHING;
INSERT INTO public.notifications (id, user_id, type, actor_id, content_id, message, read, created_at) VALUES ('600673dc-5500-478e-a5a7-7c807dea350d', '23ea9f0b-3ab0-41d4-b4f2-c25294f6de51', 'voice_comment', '4ce5455a-258c-42e4-b4ef-c15ebfcbc8df', NULL, 'Gönderinize yorum yaptı', true, '2026-01-16T10:54:31.960194+00:00') ON CONFLICT DO NOTHING;
INSERT INTO public.notifications (id, user_id, type, actor_id, content_id, message, read, created_at) VALUES ('f52a731e-1945-47b9-9bbc-2469072867a1', '4ce5455a-258c-42e4-b4ef-c15ebfcbc8df', 'voice_comment', '581211f4-bd66-4665-a087-d1a5bdd04d74', NULL, 'Gönderinize yorum yaptı', true, '2026-01-18T17:34:53.55253+00:00') ON CONFLICT DO NOTHING;
INSERT INTO public.notifications (id, user_id, type, actor_id, content_id, message, read, created_at) VALUES ('2cd2395d-22a6-4f6f-b91d-3adc04ef3f4c', '5724f9af-e272-4141-a398-18d6f80581c0', 'voice_comment', '4ce5455a-258c-42e4-b4ef-c15ebfcbc8df', NULL, 'Gönderinize yorum yaptı', true, '2026-01-19T15:47:58.080676+00:00') ON CONFLICT DO NOTHING;
INSERT INTO public.notifications (id, user_id, type, actor_id, content_id, message, read, created_at) VALUES ('d078bd7f-ac18-463a-8e8d-61713dd20d8e', '5724f9af-e272-4141-a398-18d6f80581c0', 'voice_comment', '4ce5455a-258c-42e4-b4ef-c15ebfcbc8df', NULL, 'Gönderinize yorum yaptı', true, '2026-01-19T16:07:12.662167+00:00') ON CONFLICT DO NOTHING;

-- Table: poll_votes
INSERT INTO public.poll_votes (id, user_id, poll_id, option_index, created_at) VALUES ('fde68fa7-86a1-44f5-9e90-57813227ac5c', '406b3a31-1a25-4858-9f16-5ff70ad41cab', 'Finallerin__an_e_risi_stresinin_zirve_yapt_____u_g_nlerde__ODT__de_hayatta_kalma_enerjini_ve_motivas', 2, '2026-01-05T18:05:28.076164+00:00') ON CONFLICT DO NOTHING;
INSERT INTO public.poll_votes (id, user_id, poll_id, option_index, created_at) VALUES ('243a9a05-ccaa-4446-9cc7-e5623e1383fe', 'd05ffe3c-1a45-4a33-a68b-4bc186413ee4', 'Finallerin__an_e_risi_stresinin_zirve_yapt_____u_g_nlerde__ODT__de_hayatta_kalma_enerjini_ve_motivas', 0, '2026-01-05T18:05:54.022405+00:00') ON CONFLICT DO NOTHING;
INSERT INTO public.poll_votes (id, user_id, poll_id, option_index, created_at) VALUES ('c0067e97-5877-40d9-aeaf-68b93afe4bf3', '406b3a31-1a25-4858-9f16-5ff70ad41cab', 'Hocam__final_d_nemi_bask_s___zerimizdeyken__o_zor_dersten_pa_ay__kurtaracak_kritik_notu__CC__DC__ala', 2, '2026-01-05T18:21:52.030948+00:00') ON CONFLICT DO NOTHING;
INSERT INTO public.poll_votes (id, user_id, poll_id, option_index, created_at) VALUES ('44be87f6-9735-475e-829b-d7adaafd1483', '406b3a31-1a25-4858-9f16-5ff70ad41cab', 'Online_ders_se_ene_i_kal_c__hale_gelmeli_mi_', 1, '2026-01-06T08:25:31.220184+00:00') ON CONFLICT DO NOTHING;
INSERT INTO public.poll_votes (id, user_id, poll_id, option_index, created_at) VALUES ('e2e4a324-182f-4d58-9020-3480c0f3d844', '8054596a-b54e-4433-87d8-e3750f53b06c', 'Ring_seferlerinin_s_kl____ve_g_zergahlar__verimli_mi_', 1, '2026-01-09T12:36:57.223807+00:00') ON CONFLICT DO NOTHING;
INSERT INTO public.poll_votes (id, user_id, poll_id, option_index, created_at) VALUES ('4ab215b6-14e5-4d1a-b681-8db86d6d93d4', '581211f4-bd66-4665-a087-d1a5bdd04d74', 'Ring_seferlerinin_s_kl____ve_g_zergahlar__verimli_mi_', 1, '2026-01-08T15:29:32.533803+00:00') ON CONFLICT DO NOTHING;
INSERT INTO public.poll_votes (id, user_id, poll_id, option_index, created_at) VALUES ('0a473eb4-070c-40f3-a303-7da19a8d28f3', '406b3a31-1a25-4858-9f16-5ff70ad41cab', 'Ring_seferlerinin_s_kl____ve_g_zergahlar__verimli_mi_', 2, '2026-01-06T16:41:49.822815+00:00') ON CONFLICT DO NOTHING;
INSERT INTO public.poll_votes (id, user_id, poll_id, option_index, created_at) VALUES ('edb33245-153f-493a-9245-c7a39ccdb502', '4ce5455a-258c-42e4-b4ef-c15ebfcbc8df', 'Ring_seferlerinin_s_kl____ve_g_zergahlar__verimli_mi_', 2, '2026-01-08T06:09:02.866469+00:00') ON CONFLICT DO NOTHING;
INSERT INTO public.poll_votes (id, user_id, poll_id, option_index, created_at) VALUES ('7399d21a-db28-47bd-9667-4a134a42e632', '8df6e191-f19b-4d9e-8bf7-063316bba478', 'Ring_seferlerinin_s_kl____ve_g_zergahlar__verimli_mi_', 0, '2026-01-10T09:39:02.899709+00:00') ON CONFLICT DO NOTHING;
INSERT INTO public.poll_votes (id, user_id, poll_id, option_index, created_at) VALUES ('ce368540-e68b-4f89-a167-b6a7bdcdb0ee', '1dd6b3ed-b23e-4169-824e-ce3d00ab7688', 'Ring_seferlerinin_s_kl____ve_g_zergahlar__verimli_mi_', 0, '2026-01-08T12:30:35.150917+00:00') ON CONFLICT DO NOTHING;
INSERT INTO public.poll_votes (id, user_id, poll_id, option_index, created_at) VALUES ('db969845-7b90-4967-a194-f8a4a9071e18', '4ce5455a-258c-42e4-b4ef-c15ebfcbc8df', 'Yemekhane_men_s_nde_vegan_se_enekler_art_r_lmal__m__', 0, '2026-01-12T09:21:39.577198+00:00') ON CONFLICT DO NOTHING;
INSERT INTO public.poll_votes (id, user_id, poll_id, option_index, created_at) VALUES ('9ec65563-7e1a-4a98-a940-5ffc7315875b', '23ea9f0b-3ab0-41d4-b4f2-c25294f6de51', 'Yemekhane_men_s_nde_vegan_se_enekler_art_r_lmal__m__', 1, '2026-01-12T16:47:38.045898+00:00') ON CONFLICT DO NOTHING;
INSERT INTO public.poll_votes (id, user_id, poll_id, option_index, created_at) VALUES ('0ac1a003-d38c-47fb-829a-762e3d07b6bd', '581211f4-bd66-4665-a087-d1a5bdd04d74', 'Yemekhane_men_s_nde_vegan_se_enekler_art_r_lmal__m__', 2, '2026-01-12T16:32:19.410594+00:00') ON CONFLICT DO NOTHING;
INSERT INTO public.poll_votes (id, user_id, poll_id, option_index, created_at) VALUES ('782148f4-aec7-4833-bd37-e242af53967f', '5724f9af-e272-4141-a398-18d6f80581c0', 'Yemekhane_men_s_nde_vegan_se_enekler_art_r_lmal__m__', 1, '2026-01-18T19:07:01.755487+00:00') ON CONFLICT DO NOTHING;
INSERT INTO public.poll_votes (id, user_id, poll_id, option_index, created_at) VALUES ('4c67c4f6-05e3-4c51-8f61-111e394c7034', '45850ca9-6657-4469-b467-218facacfef2', 'ODT__de_k_t_phane__al__ma_saatleri__7_24__yeterli_mi_', 0, '2026-01-19T01:35:32.358579+00:00') ON CONFLICT DO NOTHING;
INSERT INTO public.poll_votes (id, user_id, poll_id, option_index, created_at) VALUES ('147e53da-f27b-4508-8524-87432b71a4a5', '5724f9af-e272-4141-a398-18d6f80581c0', 'ODT__de_k_t_phane__al__ma_saatleri__7_24__yeterli_mi_', 0, '2026-01-19T13:05:06.696111+00:00') ON CONFLICT DO NOTHING;
INSERT INTO public.poll_votes (id, user_id, poll_id, option_index, created_at) VALUES ('9f776e3d-3b34-44b3-a44c-85a6697ec1d8', '4ce5455a-258c-42e4-b4ef-c15ebfcbc8df', 'ODT__de_k_t_phane__al__ma_saatleri__7_24__yeterli_mi_', 0, '2026-01-20T09:53:15.432647+00:00') ON CONFLICT DO NOTHING;
INSERT INTO public.poll_votes (id, user_id, poll_id, option_index, created_at) VALUES ('b14369db-1a81-4f9e-9315-fc91216abeb5', '4ce5455a-258c-42e4-b4ef-c15ebfcbc8df', '_niversite_hayat_n_n_en_zorlay_c__yan__sence_hangisi_', 0, '2026-01-20T10:28:49.284323+00:00') ON CONFLICT DO NOTHING;

-- Table: followers
INSERT INTO public.followers (id, follower_id, following_id, created_at) VALUES (1, '406b3a31-1a25-4858-9f16-5ff70ad41cab', '23ea9f0b-3ab0-41d4-b4f2-c25294f6de51', '2026-01-06T11:26:56.606005+00:00') ON CONFLICT DO NOTHING;
INSERT INTO public.followers (id, follower_id, following_id, created_at) VALUES (2, '406b3a31-1a25-4858-9f16-5ff70ad41cab', '336b3982-f21d-4ade-bb08-39366ee6c48f', '2026-01-06T13:01:04.292896+00:00') ON CONFLICT DO NOTHING;


SET session_replication_role = 'origin';